{
  "energy": {
    "rmse": 0.011852542744094535,
    "rel_rmse": 3.9002682791368906,
    "mae": 0.008380656424677045,
    "r2": 0.9984787907350758,
    "n_points": 1855
  },
  "forces": {
    "rmse": 0.0936061464083855,
    "rel_rmse": 9.556276600525358,
    "mae": 0.061857642255894386,
    "r2": 0.9908677577534252,
    "n_points": 691915
  },
  "stress": {
    "rmse": 0.007910099831583098,
    "rel_rmse": 38.210247674222316,
    "mae": 0.004489736045756944,
    "r2": 0.8539976972674589,
    "n_points": 16735
  }
}