{
  "energy": {
    "rmse": 0.009283167340278928,
    "rel_rmse": 3.0539377856640884,
    "mae": 0.007812557541823775,
    "r2": 0.9990673464001293,
    "n_points": 1855
  },
  "forces": {
    "rmse": 0.0900681571072316,
    "rel_rmse": 9.223813938855145,
    "mae": 0.06066062557232773,
    "r2": 0.9914921256421382,
    "n_points": 691915
  },
  "stress": {
    "rmse": 0.006176723262536955,
    "rel_rmse": 29.837060302870107,
    "mae": 0.0036597894301299665,
    "r2": 0.9109749832482893,
    "n_points": 16735
  }
}