{
  "energy": {
    "rmse": 0.009925580962001851,
    "rel_rmse": 3.2663350650538674,
    "mae": 0.006394515225780618,
    "r2": 0.9989331055242799,
    "n_points": 1855
  },
  "forces": {
    "rmse": 0.0908070030817042,
    "rel_rmse": 9.299478613440346,
    "mae": 0.05768048081993476,
    "r2": 0.9913519697518166,
    "n_points": 691915
  },
  "stress": {
    "rmse": 0.002172526090770453,
    "rel_rmse": 10.498453630326104,
    "mae": 0.0013377808983049983,
    "r2": 0.9889782471371893,
    "n_points": 16735
  }
}