{
  "energy": {
    "rmse": 10.46216434867569,
    "rel_rmse": 27.86848194662034,
    "mae": 6.894151788303491,
    "r2": 0.9223347713990896,
    "n_points": 1855
  },
  "forces": {
    "rmse": 0.2280883674057733,
    "rel_rmse": 23.42677789522371,
    "mae": 0.13348701388064513,
    "r2": 0.9451186077447857,
    "n_points": 691915
  },
  "stress": {
    "rmse": 0.011603425099637417,
    "rel_rmse": 56.068178619665545,
    "mae": 0.006472115117911248,
    "r2": 0.685635934627328,
    "n_points": 16735
  }
}