{
  "energy": {
    "rmse": 0.0158584665339068,
    "rel_rmse": 5.224118555720649,
    "mae": 0.009390556249060529,
    "r2": 0.9972708585315775,
    "n_points": 1855
  },
  "forces": {
    "rmse": 0.1152450480125108,
    "rel_rmse": 11.822777581462308,
    "mae": 0.07135206176248393,
    "r2": 0.9860221930259272,
    "n_points": 691915
  },
  "stress": {
    "rmse": 0.0030003614204171364,
    "rel_rmse": 14.55249103329264,
    "mae": 0.0018150707413271824,
    "r2": 0.9788225004725938,
    "n_points": 16735
  }
}